Requirement,Original Figure,Revised/New Figure,Rectification Type,Biology,Completeness,Connections,Leaders,EN,TA,Embedded,360px,Enlarged,Reference Resolution,Overall,Remaining Blocker
PENAEUS-01,batch2#penaeus_external,PENAEUS-01-R1,Existing FAIL corrected,PASS,PASS,PASS,PASS,PASS,TERMINOLOGY REVIEW PENDING,PASS,PENDING — ACCEPTED-SOURCE CONTEXTUAL RENDER REQUIRED,PENDING — ACCEPTED-SOURCE CONTEXTUAL RENDER REQUIRED,PASS,PENDING,Tamil terminology and contextual render gates remain open
PENAEUS-02,master-penaeus-appendage,UNCHANGED,Protected PENDING — no redraw,PASS,PASS,PASS,PASS,PASS,TERMINOLOGY REVIEW PENDING,PASS,PENDING — ACCEPTED-SOURCE CONTEXTUAL RENDER REQUIRED,PENDING — ACCEPTED-SOURCE CONTEXTUAL RENDER REQUIRED,PASS,PENDING,Tamil terminology and contextual render gates; remains generalized architecture only
PENAEUS-03,NOT YET CREATED,PENAEUS-03-OVERVIEW + PENAEUS-03-CEPHALIC + PENAEUS-03-THORACIC + PENAEUS-03-ABDOMINAL,NEW REQUIRED PLATES — previously NOT YET CREATED,PASS,PASS,PASS,PASS,PASS,TERMINOLOGY REVIEW PENDING,PASS,PENDING — ACCEPTED-SOURCE CONTEXTUAL RENDER REQUIRED,PENDING — ACCEPTED-SOURCE CONTEXTUAL RENDER REQUIRED,PASS,PENDING,Tamil terminology and contextual render gates remain open
PENAEUS-04,batch2#penaeus_respiratory,UNCHANGED,Protected PENDING — no redraw,PENDING,PENDING,PENDING,PENDING,PASS,TERMINOLOGY REVIEW PENDING,PASS,PENDING — ACCEPTED-SOURCE CONTEXTUAL RENDER REQUIRED,PENDING — ACCEPTED-SOURCE CONTEXTUAL RENDER REQUIRED,REFERENCE RESOLUTION REQUIRED,PENDING,Penaeus-specific gill attachment/distribution water-current and leader relationships unresolved
PENAEUS-05,batch2#penaeus_digestive,PENAEUS-05-R1,Existing FAIL reconstructed,PASS,PASS,PASS,PASS,PASS,TERMINOLOGY REVIEW PENDING,PASS,PENDING — ACCEPTED-SOURCE CONTEXTUAL RENDER REQUIRED,PENDING — ACCEPTED-SOURCE CONTEXTUAL RENDER REQUIRED,PASS,PENDING,Tamil terminology and contextual render gates remain open; no unsupported gastric ossicle detail asserted
PENAEUS-06,batch2#penaeus_circulatory,UNCHANGED,Protected PENDING — no redraw,PENDING,PENDING,PENDING,PENDING,PASS,TERMINOLOGY REVIEW PENDING,PASS,PENDING — ACCEPTED-SOURCE CONTEXTUAL RENDER REQUIRED,PENDING — ACCEPTED-SOURCE CONTEXTUAL RENDER REQUIRED,REFERENCE RESOLUTION REQUIRED,PENDING,Exact artery/sinus/gill-return topology and leaders unresolved
PENAEUS-07,batch2#penaeus_nervous,UNCHANGED,Protected PENDING — no redraw,PENDING,PENDING,PENDING,PENDING,PASS,TERMINOLOGY REVIEW PENDING,PASS,PENDING — ACCEPTED-SOURCE CONTEXTUAL RENDER REQUIRED,PENDING — ACCEPTED-SOURCE CONTEXTUAL RENDER REQUIRED,REFERENCE RESOLUTION REQUIRED,PENDING,Anterior neural topology and leaders unresolved
PENAEUS-08,NOT YET CREATED,PENAEUS-08-N1,NEW REQUIRED PLATE — previously NOT YET CREATED,PASS,PENDING,PENDING,PASS,PASS,TERMINOLOGY REVIEW PENDING,PASS,PENDING — ACCEPTED-SOURCE CONTEXTUAL RENDER REQUIRED,PENDING — ACCEPTED-SOURCE CONTEXTUAL RENDER REQUIRED,REFERENCE RESOLUTION REQUIRED,PENDING,Finer green-gland sac/bladder/duct topology unresolved by accepted evidence; not invented
PENAEUS-09,batch2#penaeus_reproductive,PENAEUS-09-R1,Existing FAIL reconstructed,PASS,PENDING,PENDING,PASS,PASS,TERMINOLOGY REVIEW PENDING,PASS,PENDING — ACCEPTED-SOURCE CONTEXTUAL RENDER REQUIRED,PENDING — ACCEPTED-SOURCE CONTEXTUAL RENDER REQUIRED,REFERENCE RESOLUTION REQUIRED,PENDING,Male/female are separately auditable but finer duct/opening micro-topology remains unresolved; Tamil/render gates open
