file,size_bytes,sha256,status,persistent_location
INVERTEBRATA_v1.9.3_ASSESSMENT_SCIENTIFIC_AUDIT.csv,6660,9bb9fe95f139defd9c6f37a762ece5c130f2b482ec6777a8042c30c045fb745e,RECOVERED_UNVALIDATED,/INVERTEBRATA/v1.9.3/recovery/2026-10-08-unvalidated/INVERTEBRATA_v1.9.3_ASSESSMENT_SCIENTIFIC_AUDIT.csv
INVERTEBRATA_v1.9.3_PHASE2_LANGUAGE_POLISHED.html,2504928,fe79f05a92ea206ebc413f4945a0026632331c765daf66174716c7afb231d991,RECOVERED_UNVALIDATED,/INVERTEBRATA/v1.9.3/recovery/2026-10-08-unvalidated/INVERTEBRATA_v1.9.3_PHASE2_LANGUAGE_POLISHED.html
INVERTEBRATA_v1.9.3_P0_ANATOMY_DEMO.html,2518392,0dba1fa3210ed05c66458d3ef6690a576538482ec0160ba9d9f308dc21464eff,RECOVERED_UNVALIDATED,/INVERTEBRATA/v1.9.3/recovery/2026-10-08-unvalidated/INVERTEBRATA_v1.9.3_P0_ANATOMY_DEMO.html
INVERTEBRATA_v1.9.3_P0_PREVIEW.html,27376,c4b0585680fa19478d41d289fb96be5dc519dd3d0a733106d98c8dc364f4e1bf,RECOVERED_UNVALIDATED,/INVERTEBRATA/v1.9.3/recovery/2026-10-08-unvalidated/INVERTEBRATA_v1.9.3_P0_PREVIEW.html
INVERTEBRATA_v1.9.3_P0_P1_DIAGRAM_DEMO.html,2524328,27337299e52b3b8c4c5b6e8c1c10d5584d0f21a0e102ff4f032215fadc7c0ec9,RECOVERED_UNVALIDATED,/INVERTEBRATA/v1.9.3/recovery/2026-10-08-unvalidated/INVERTEBRATA_v1.9.3_P0_P1_DIAGRAM_DEMO.html
P0_contact_sheet.png,342011,19acac54da7e750c77875e756333c3dc1b6fc78a463def21c26960e5ce7974c5,RECOVERED_UNVALIDATED,/INVERTEBRATA/v1.9.3/recovery/2026-10-08-unvalidated/P0_contact_sheet.png
P1_contact_sheet.png,433967,0897494a6ebddb1a00573bdbc7c0274cd55d512c2dc50a2f30c9c20cfc69fae8,RECOVERED_UNVALIDATED,/INVERTEBRATA/v1.9.3/recovery/2026-10-08-unvalidated/P1_contact_sheet.png
INVERTEBRATA_v1.9.3_BILINGUAL_TEXTBOOK_MASTER_R13.html,, ,MISSING_UNRECOVERED,
corrected_bilingual_A5_86_pair_candidate,, ,MISSING_UNRECOVERED,
